{"nombre": "Mary", "apellido": "Hernandez"}
{"nombre": "Martin", "apellido": "Hooper"}
{"nombre": "Kaitlin", "apellido": "Moore"}
{"nombre": "Sonya", "apellido": "Garrett"}
{"nombre": "Lori", "apellido": "Hughes"}
{"nombre": "James", "apellido": "Larsen"}
{"nombre": "Amy", "apellido": "Marshall"}
{"nombre": "Christopher", "apellido": "Quinn"}
{"nombre": "Brooke", "apellido": "Smith"}
{"nombre": "Michele", "apellido": "Lam"}
{"nombre": "Brooke", "apellido": "Schwartz"}
{"nombre": "Daniel", "apellido": "Berry"}
{"nombre": "Garrett", "apellido": "Roberts"}
{"nombre": "Veronica", "apellido": "Walters"}
{"nombre": "Steven", "apellido": "Singleton"}
{"nombre": "Janet", "apellido": "Winters"}
{"nombre": "Betty", "apellido": "Morgan"}
{"nombre": "Janet", "apellido": "Ray"}
{"nombre": "Holly", "apellido": "Scott"}
{"nombre": "Barbara", "apellido": "Chavez"}
{"nombre": "Katie", "apellido": "Wagner"}
{"nombre": "Alexander", "apellido": "Donovan"}
{"nombre": "Claudia", "apellido": "Gaines"}
{"nombre": "Jeremy", "apellido": "Roberts"}
{"nombre": "Stephen", "apellido": "Lang"}
{"nombre": "Mason", "apellido": "Young"}
{"nombre": "Erin", "apellido": "Collins"}
{"nombre": "Jessica", "apellido": "Castillo"}
{"nombre": "Margaret", "apellido": "Phelps"}
{"nombre": "Nathan", "apellido": "Roberson"}
{"nombre": "Tracey", "apellido": "Foster"}
{"nombre": "Patrick", "apellido": "Moore"}
{"nombre": "Alexander", "apellido": "Gomez"}
{"nombre": "Sara", "apellido": "Camacho"}
{"nombre": "Laura", "apellido": "Williams"}
{"nombre": "James", "apellido": "Atkinson"}
{"nombre": "Matthew", "apellido": "Richards"}
{"nombre": "Jessica", "apellido": "Morris"}
{"nombre": "Claire", "apellido": "Morris"}
{"nombre": "Geoffrey", "apellido": "Henderson"}
{"nombre": "Amy", "apellido": "Martinez"}
{"nombre": "Melissa", "apellido": "Ross"}
{"nombre": "Stephanie", "apellido": "Garcia"}
{"nombre": "Loretta", "apellido": "Lee"}
{"nombre": "Kelly", "apellido": "Miller"}
{"nombre": "Brianna", "apellido": "Meyers"}
{"nombre": "Chase", "apellido": "Dixon"}
{"nombre": "Laura", "apellido": "Ballard"}
{"nombre": "Leah", "apellido": "Burke"}
{"nombre": "Sheila", "apellido": "Richards"}
